<?xml version="1.0" encoding="UTF-8"?>
<beans xmlns="http://www.springframework.org/schema/beans"
		xmlns:xsi="http://www.w3.org/2001/XMLSchema-instance"
		xsi:schemaLocation"http://www.springframework.org/schema/beans
		http://www.springframework.org/schema/beans/spring-beans-4.0.xsd">
		
		<bean id="handlermapping" class="org.springframework.web.servlet.handler.BeanNameUrlHandlerMapping"/>
		
		<bean name="/welcome.html" class="com.controller.HelloController"></bean>
		
		<bean id="viewResolver" class="org.springframework.web.servlet.view.InternalResourceViewResolver">
		<property name="prefix">
		<value>/WEB_INF/</value>
		</property>
		<property name="suffix">
		<value>.jsp</value>
		</property>
		</bean>
		</beans>